[
    {
        "name": "magnifyer",
        "className": "magnifyer",
        "unicode": "e900"
    },
    {
        "name": "arrow-down",
        "className": "arrow-down",
        "unicode": "e901"
    },
    {
        "name": "dots",
        "className": "dots",
        "unicode": "e902"
    },
    {
        "name": "add",
        "className": "add",
        "unicode": "e903"
    },
    {
        "name": "magic",
        "className": "magic",
        "unicode": "e904"
    },
    {
        "name": "google",
        "className": "google",
        "unicode": "e905"
    },
    {
        "name": "loading",
        "className": "loading",
        "unicode": "e906"
    },
    {
        "name": "star",
        "className": "star",
        "unicode": "e907"
    },
    {
        "name": "cross",
        "className": "cross",
        "unicode": "e908"
    }
]